1058,Scott Willis      ,"641 Mariners Cove Point,Kabīrwāla,57301"        ,379507390,8.38E+15,fswwjbqd,wGNoVqcba8l4Cw7c
1081,Jackson Mcdonald  ,"02547 Anhalt Junction,Järfälla,177 57"          ,825842850,4.21E+15,yyqmdmbu,3z5yu384nfSdwMzq
1149,Joshua Hall       ,"21299 Twin Pines Avenue,Dayong,39406"           ,316811828,1.36E+15,npfxswbg,LEqz6QsmgBE7ESBl
1287,Alfie Davidson    ,"94002 Pennsylvania Street,Ganyesa,8623"         ,508773810,7.15E+15,cqtqoiip,yew3uIU32dE5wShq
1427,Ben Thomson       ,"28022 Oak Place,Rumāh,57995"                    ,755446197,7.99E+15,rgupodib,dajPZofzHnjp4FLe
1571,Jamir Talley      ,"384 Fallview Junction,Trelleborg,231 23"        ,205005905,7.11E+15,fdscdcss,zNeH62awmz8ocffE
1604,Darian Mcclure    ,"80 Sycamore Hill,Minas de Matahambre,10833"     ,147713577,3.53E+15,otlrgnqm,xJP5FOQ19E2sE4cB
2006,Camron Burnett    ,"420 Reindahl Court,Cisasak,46723"               ,561560348,9.66E+15,ucxbrkjw,QZiQIBVnKXvkgE0h
2080,Jaydon Guerrero   ,"93 8th Avenue,Sheksna,162572"                   ,731447770,7.75E+15,nhxkwjdk,kOUrvu9r6asAw1h5
2383,Ramon Hood        ,"98 Superior Plaza,Quxi,50561"                   ,543719983,4.29E+15,brqogzja,zruYJBdBjvkRXMua
2672,Glen Dixon        ,"89801 Carioca Parkway,Mossendjo,80480"          ,652214559,7.26E+15,xmhntyar,rueyBGb3ZPeVGYH0
2794,Kiran Clark       ,"833 Killdeer Lane,Mangero,5033"                 ,718579231,7.53E+15,hfkatuqa,09XtNIa2PKughYWA
2897,Nicky Phillips    ,"9219 Ilene Avenue,Volodarsk,606072"             ,502513241,1.62E+15,wexybhqs,1ayEUGxj9E3O9L11
3330,River Bates       ,"1 Forest Way,Tršić,71402"                       ,617043416,7.39E+15,fcuufasx,K3PhPs9qFMCtjxPu
3544,Jordan Clark      ,"931 Steensland Road,Nong Hi,45140"              ,643456975,8.59E+15,stxvrgzt,307q3bLYFD7Danc2
3694,Kerry Hurley      ,"202 Rusk Way,Bulakgebang,60046"                 ,463302751,8.76E+15,aeqsauzu,Q9hdcuINkSeT51w2
3783,Terry Roth        ,"639 Canary Pass,Kamennyye Potoki,50561"         ,112394236,4.80E+15,jxjmaewd,WtR9bg5ETIJKn4E5
3913,Angel Serrano     ,"70910 Declaration Circle,Camino Real,45306"     ,373821411,5.35E+15,zarerujo,ZYsSGZy2j9Oojasa
4064,Marley Estes      ,"4 Elka Plaza,Pakel,71402"                       ,543719983,7.29E+15,hdjfacrs,t99G2MltIe2V962x
4067,Willy Pennington  ,"363 Helena Crossing,Cruz,4775-114"              ,910924079,7.46E+15,xvxopokc,nWkZxLRfWcak01Dm
4187,Tegan May         ,"00439 Susan Place,Sumberrejo,46723"             ,119820999,9.67E+15,hoytdoel,stBPWuPnPMaxRYMb
4380,Amy Evans         ,"069 Reinke Parkway,Banjar Danginsema,94078"     ,327713540,3.78E+15,hsoxniuv,faxJs5JhmTw4qh91
4488,Victoria Rogers   ,"982 Acker Pass,Krajanbonjor,24786"              ,698165356,6.89E+15,blhqfola,8uBsoWaehtE5kj1f
4664,Morgan Smith      ,"0145 Daystar Point,Hanyū,374-0055"              ,954713186,3.96E+15,yjcwuswp,mPHsQcOSYOaLPbXP
4769,Freya Young       ,"24 Mayer Lane,Kuching,93742"                    ,882431010,3.84E+15,eedslozp,kJc5ULZISkB4E6iX
4956,Diamond Townsend  ,"4666 Springview Parkway,Svilengrad,6500"        ,517100647,6.56E+15,atcwrako,feAENzqyuiNYhidW
5065,Annalise Key      ,"4399 Nobel Court,Queimados,26300-000"           ,202853679,3.61E+15,vmkhiqwy,ujh7ALAY5McrrCDV
5560,Autumn Foley      ,"3784 Ryan Crossing,Kohāt,26301"                 ,951531135,5.94E+15,lcdkkxqr,MUUgXqHeTJxK9pEv
5619,Jaida Miranda     ,"8 Knutson Center,Cuito,83888"                   ,780223656,1.54E+15,wnosonin,I9jnH3pnUBzUeHnl
5746,Iliana Hickman    ,"485 Prairieview Avenue,Casal do Relvas,2440-341",543719983,1.89E+15,waqpbwnn,xsdjBDgxcuVaDQ1T
5817,Raylee Dawson     ,"0593 Nova Junction,Mempawah,71402"              ,422683348,7.38E+15,dkoalvpu,ERQhzxofP7oK9kqi
5965,Jo Gordon         ,"42760 Manley Street,Malaga,29071"               ,851362603,9.67E+15,yncxvfby,fnflX2siaDMssEo9
5976,Carol Davidson    ,"11951 Ridgeway Drive,Jingdang,71402"            ,426436812,1.76E+15,iksrpkgj,k580wlKQdaa41Q4T
6269,Franky Robertson  ,"9844 Veith Center,Dýšina,330 02"                ,822576933,9.14E+15,nlynwltn,AeDEVXUhJnSlM7n3
6352,Hayden Kaur       ,"99578 Service Center,Mehrābpur,79051"           ,470556210,8.68E+15,zsubentt,WQ62gUpw3grBkP19
6487,Hayden Humphrey   ,"863 Elgar Parkway,Sergokala,307351"             ,480993307,8.52E+15,ijibjped,am92UolV1EBk1VAK
6511,Ryan Gutierrez    ,"51158 Daystar Avenue,Qaffīn,50561"              ,169277848,8.90E+15,hhtieldw,b6HUQGyMSl0PfqTr
6550,Morgan Morgan     ,"43 Banding Parkway,Yuanshanzi,80480"            ,594609795,8.27E+15,alpguawt,Rhvbwrw46KpXCRUz
6635,Justice Hays      ,"75 Sutherland Terrace,Mabilang,2509"            ,320228021,3.34E+15,axgegmva,bQgdhU7FyrcjdLQI
6815,Phoenix Espinoza  ,"070 Hauk Center,Kota Kinabalu,88778"            ,599187672,3.83E+15,epryhagv,tym7kqSoKK8pOmPW
6897,Reece Porter      ,"5 Fairfield Plaza,Atibaia,12940-000"            ,918645485,9.81E+15,vrahuvpx,avaYrTzjFfZPJjuu
6903,John Francis      ,"8632 Morning Parkway,Yulin,46723"               ,570986071,6.16E+15,xpbeozex,2oh4ZCHEAcvw7beh
7178,Tom Anderson      ,"1655 Katie Trail,Longshan,46723"                ,952139750,5.53E+15,hbnaebky,JXW9VkorkepC2rei
7263,Riley May         ,"64 Acker Way,Radzanów,26-807"                   ,315198589,6.88E+15,ltakxhub,MyMucuP9pGPIoZBm
7558,Riley Hunter      ,"6147 Reindahl Place,Besisahar,46723"            ,692766581,8.20E+15,xvdbkymr,rFNNiLc4ew5ofzTY
7822,Gibson Henderson  ,"9 Bunker Hill Point,Ust’-Labinsk,385321"        ,382600811,6.89E+15,rpgokdyh,t5xhhmkajYD3vjfh
8229,Nehemiah O'donnell,"498 Park Meadow Court,Jiaxing,25017"            ,844474112,3.39E+15,phteozww,JDhHA1XTeB7TKEJj
8294,Trevor Suarez     ,"5 Quincy Drive,Arroyo Seco,5196"                ,166996026,6.21E+15,bpbsnjjq,zqHbulmMhOSCTjug
8330,Lucca Middleton   ,"481 Pennsylvania Park,Sinazongwe,80480"         ,579642964,8.78E+15,aqbqkqac,tnVTPVoNN5Glt5eG
8469,Emilio Blake      ,"438 Chinook Terrace,Shangyang,75748"            ,408498761,5.03E+15,eqfndjpn,FT8ekGRTIotWJwqs
8638,Tilly Mcdonald    ,"614 Maple Court,Dicun,17786"                    ,408664863,1.91E+15,svozeoip,1uUxW6YphEYYUirS
8894,Kaelyn Mcclure    ,"100 Comanche Lane,Hezuo,82003"                  ,304985552,8.26E+15,icgsizkz,BT8ha45gaQnsNVLZ
8935,Christina Jennings,"85 Pleasure Terrace,Marcabamba,83888"           ,537991541,5.24E+15,dgyhydid,VceO9kyL11E0r3H0
9034,Saige Graham      ,"99610 Division Plaza,Tytuvėnėliai,98342"        ,262809886,7.19E+15,zzokgtqh,rcyC0RcfG3oU5Dty
9095,Ann Lawson        ,"830 Schurz Place,San Francisco Zapotitlán,10009",785800614,3.10E+15,ianphepy,o1NVyr4wAC4G4Wqv
9619,Jenna Pitts       ,"829 Bunting Place,Bom Jesus da Lapa,47600-000"  ,109485350,6.03E+15,rieqefpo,I2bgrNQ5hovzPIQG
9931,Caiden Benjamin   ,"4497 Waubesa Circle,Novopokrovka,433452"        ,243303235,8.20E+15,vrncysfw,ZkYVR3AxTZze8kiz
